{
  "inventory": [
    {
      "id": 1,
      "name": "Product1",
      "o_quantity": 50
    },
    {
      "id": 2,
      "name": "Product2",
      "o_quantity": 80
    },
    {
      "id": 3,
      "name": "Product3",
      "o_quantity": 60,
      "e_quantity": 56
    },
    {
      "id": 4,
      "name": "Product4",
      "o_quantity": 50,
      "e_quantity": 40
    }
  ],
  "pricing": [
    {
      "pid": 1,
      "name": "Product1",
      "req_quantity": 5,
      "unitPrice": 100
    },
    {
      "pid": 2,
      "name": "Product2",
      "req_quantity": 3,
      "unitPrice": 80
    },
    {
      "pid": 3,
      "name": "Product3",
      "req_quantity": 4,
      "unitPrice": 45
    },
    {
      "pid": 4,
      "name": "Product4",
      "req_quantity": 10,
      "unitPrice": 25
    }
  ],
  "saveEmpData": [
    {
      "id": 1,
      "fname": "Molly",
      "lname": "Dexter",
      "contact": 8574127042,
      "salary": 92000,
      "designation": "Network Engineer",
      "dept": "Network"
    },
    {
      "id": 2,
      "fname": "Gauri",
      "lname": "Yadav",
      "contact": 8572309413,
      "salary": 95000,
      "designation": "Database Admin",
      "dept": "IT"
    },
    {
      "fname": "Kate",
      "lname": "Haynes",
      "contact": 8578362986,
      "salary": 82000,
      "dept": "Sales",
      "designation": "Sales Associate",
      "username": "haynes.kate",
      "pwd": "kate123",
      "id": 4
    },
    {
      "fname": "Michael",
      "lname": "Stokes",
      "salary": 78000,
      "contact": 8756890911,
      "dept": "Network",
      "designation": "Network Systems Engineer",
      "username": "stokes.m",
      "pwd": "michael",
      "id": 5
    },
    {
      "fname": "Sam",
      "lname": "Clinton",
      "salary": 76000,
      "contact": 8551049809,
      "dept": "Sales",
      "designation": "Sales Associate",
      "username": "clinton.s",
      "pwd": "sam",
      "id": 6
    },
    {
      "id": 7,
      "fname": "Lisa",
      "lname": "Mores",
      "contact": 7869807777,
      "salary": 82000,
      "designation": "Data Engineer",
      "dept": "Admin"
    }
  ]
}